[
{
    "model": "movies.movie",
    "pk": 1,
    "fields": {
        "title": "Act why team bag tell over smile themselves.",
        "overview": "Once feeling according. Follow several Republican best about accept.\nAgency play what report. Know sound shoulder small.",
        "release_date": "1978-01-22T12:48:49Z",
        "poster_path": "New fish right agreement night. Create name yet smile pay west.\nEvent cause method exist detail new. Fire stand happen focus allow eye.",
        "actors": [
            6
        ]
    }
},
{
    "model": "movies.movie",
    "pk": 2,
    "fields": {
        "title": "Mean everybody treatment.",
        "overview": "Majority factor break treatment sense. Republican community green gun generation care.\nFly under travel couple small foot see. Manage wish court ground.",
        "release_date": "2013-09-19T00:06:55Z",
        "poster_path": "Throw identify ball born. He with wide future.\nLearn training child. Hundred off tree benefit none. Instead it hot tend focus.",
        "actors": [
            6,
            9
        ]
    }
},
{
    "model": "movies.movie",
    "pk": 3,
    "fields": {
        "title": "Administration that great close eight become.",
        "overview": "Lot vote bank to kitchen born hard. Run according include cup author. Operation rock various include.\nCan already tonight oil reach. Rise pick research see wish fill.",
        "release_date": "2010-01-08T14:38:20Z",
        "poster_path": "Have leader shake you night. Difference hope top many. Wrong answer strategy expert single federal vote car.\nAlso its east growth message. Father soldier beautiful hear.",
        "actors": [
            1,
            9
        ]
    }
},
{
    "model": "movies.movie",
    "pk": 4,
    "fields": {
        "title": "Score station use.",
        "overview": "Step member case data size. Agreement property accept professor. Ever necessary result add. Know forget name organization building take rich.",
        "release_date": "1993-09-29T03:23:16Z",
        "poster_path": "Phone stop attorney mission that. Especially training add main remain gun.\nDifference sea turn million. Blood wide put. Around activity article will join as then.",
        "actors": [
            7,
            8
        ]
    }
},
{
    "model": "movies.movie",
    "pk": 5,
    "fields": {
        "title": "Medical summer indicate management sense pay.",
        "overview": "Difficult run throw approach sell. Job recognize idea ask marriage language body red.\nMarket natural western responsibility help. Unit challenge question view a analysis quite nation.",
        "release_date": "2017-07-06T13:26:42Z",
        "poster_path": "Offer wrong three well PM. Threat open together. Represent picture music anything.\nOff already person onto. Military check not discuss.",
        "actors": [
            1,
            8,
            10
        ]
    }
},
{
    "model": "movies.movie",
    "pk": 6,
    "fields": {
        "title": "Military maintain tree close rich four.",
        "overview": "People month resource both her rise. Condition contain child necessary scene. Cell everyone story score another trade miss.",
        "release_date": "2011-12-31T00:51:29Z",
        "poster_path": "Person feel wind method then experience prepare. Participant alone what choice. Service north represent well pass.",
        "actors": [
            2,
            5,
            7
        ]
    }
},
{
    "model": "movies.movie",
    "pk": 7,
    "fields": {
        "title": "Bit still employee direction mention speak.",
        "overview": "See almost fight from strong soldier manager. But develop their light best this. Happy face dream bit tax investment size.",
        "release_date": "1989-12-04T13:56:16Z",
        "poster_path": "Product understand trouble bring your. Might field south tough expert.\nQuality need future dog campaign agency assume lot.\nProve section physical option address TV. Popular would one else evidence.",
        "actors": [
            5,
            9,
            10
        ]
    }
},
{
    "model": "movies.movie",
    "pk": 8,
    "fields": {
        "title": "Suffer practice act site every party customer heavy.",
        "overview": "Hour into work quality. His base product paper.\nThousand many energy sign someone professional. Of attack purpose carry ask agent significant. Minute why be no some choice.",
        "release_date": "2012-03-29T11:33:27Z",
        "poster_path": "Role financial from feel customer three. Discuss piece knowledge require region charge learn bed. Environment side prevent painting trade husband always son.",
        "actors": [
            7,
            9
        ]
    }
},
{
    "model": "movies.movie",
    "pk": 9,
    "fields": {
        "title": "Drop including lot record.",
        "overview": "Cut environmental several write material. Might turn benefit move memory. Significant anything crime win painting lot fall person. Buy white former.",
        "release_date": "2008-08-31T21:42:30Z",
        "poster_path": "Meet protect beyond rock claim hope. Include challenge tell say put issue. Others support your forward. Air focus seven try effect area hand.",
        "actors": [
            6
        ]
    }
},
{
    "model": "movies.movie",
    "pk": 10,
    "fields": {
        "title": "Cup decade air.",
        "overview": "Direction over war wonder follow worker whether. Wife herself player number. Risk baby which suddenly.\nEnter likely particular spend talk ball. Include century say citizen into police.",
        "release_date": "1995-08-12T10:10:49Z",
        "poster_path": "Technology by environmental full actually. Economic he three.\nWhat allow nearly buy child. Apply poor firm decade data explain. Develop wish risk him.",
        "actors": [
            1,
            5
        ]
    }
}
]
